C,accuracy,eukaryote accuracy,prokaryote accuracy,learning time,prediction time
1000.0,0.9676420739698293,0.9646018097735782,0.9706823381660798,5.472765016555786,0.01793532371520996
