C,accuracy,eukaryote accuracy,prokaryote accuracy,learning time,prediction time
1000.0,0.9656650364552668,0.9624489857202916,0.9688810871902419,2.468916988372803,0.01585216522216797
