C,accuracy,eukaryote accuracy,prokaryote accuracy,learning time,prediction time
1000.0,0.9560407838238204,0.9518054836597007,0.96027608398794,1.1575523376464845,0.013710212707519532
