C,accuracy,eukaryote accuracy,prokaryote accuracy,learning time,prediction time
1000.0,0.9682640874607964,0.9636445859799746,0.9728835889416179,4.8881378173828125,0.01646389961242676
