C,accuracy,eukaryote accuracy,prokaryote accuracy,learning time,prediction time
1000.0,0.965845962678142,0.9622100372650912,0.9694818880911928,3.556734228134155,0.017696237564086913
