C,accuracy,eukaryote accuracy,prokaryote accuracy,learning time,prediction time
1000.0,0.9648889031751736,0.9602965191602056,0.9694812871901416,1.4401321411132812,0.01616082191467285
