C,accuracy,eukaryote accuracy,prokaryote accuracy,learning time,prediction time
1000.0,0.9657480980272675,0.9610140080135675,0.9704821880409675,3.0721060276031493,0.01905965805053711
