method,transformation,accuracy,euk_acc,pro_acc,learning time,prediction time
linear svc,freq,0.5,0.0,1.0,0.008570075035095215,0.009135007858276367
linear svc,clr,0.794291256247778,0.8438735177865613,0.7447089947089947,0.01127004623413086,0.003429412841796875
linear svc,k-means(k=64),0.5,0.0,1.0,0.008297562599182129,0.0036019086837768555
